{
  "No Disease": {
    "precision": 0.9,
    "recall": 0.6428571428571429,
    "f1-score": 0.75,
    "support": 28.0
  },
  "Disease": {
    "precision": 0.7560975609756098,
    "recall": 0.9393939393939394,
    "f1-score": 0.8378378378378378,
    "support": 33.0
  },
  "accuracy": 0.8032786885245902,
  "macro avg": {
    "precision": 0.828048780487805,
    "recall": 0.7911255411255411,
    "f1-score": 0.7939189189189189,
    "support": 61.0
  },
  "weighted avg": {
    "precision": 0.8221511395441824,
    "recall": 0.8032786885245902,
    "f1-score": 0.7975188303057155,
    "support": 61.0
  }
}