{
  "accuracy": 0.8032786885245902,
  "precision": 0.7560975609756098,
  "recall": 0.9393939393939394,
  "f1_score": 0.8378378378378378,
  "roc_auc": 0.8874458874458875,
  "balanced_accuracy": 0.7911255411255411,
  "sensitivity": 0.9393939393939394,
  "specificity": 0.6428571428571429,
  "false_positive_rate": 0.35714285714285715,
  "false_negative_rate": 0.06060606060606061
}