{
  "No Disease": {
    "precision": 0.95,
    "recall": 0.6785714285714286,
    "f1-score": 0.7916666666666666,
    "support": 28.0
  },
  "Disease": {
    "precision": 0.7804878048780488,
    "recall": 0.9696969696969697,
    "f1-score": 0.8648648648648649,
    "support": 33.0
  },
  "accuracy": 0.8360655737704918,
  "macro avg": {
    "precision": 0.8652439024390244,
    "recall": 0.8241341991341992,
    "f1-score": 0.8282657657657657,
    "support": 61.0
  },
  "weighted avg": {
    "precision": 0.8582966813274691,
    "recall": 0.8360655737704918,
    "f1-score": 0.8312656919214296,
    "support": 61.0
  }
}