{
  "accuracy": 0.8360655737704918,
  "precision": 0.7804878048780488,
  "recall": 0.9696969696969697,
  "f1_score": 0.8648648648648649,
  "roc_auc": 0.9177489177489178,
  "balanced_accuracy": 0.8241341991341992,
  "sensitivity": 0.9696969696969697,
  "specificity": 0.6785714285714286,
  "false_positive_rate": 0.32142857142857145,
  "false_negative_rate": 0.030303030303030304
}